<?xml version="1.0" encoding="UTF-8"?>
<opml xmlns:frss="https://freshrss.org/opml" version="2.0">
  <head>
    <title>FreshRSS</title>
    <dateCreated>Mon, 28 Apr 2025 13:07:39 -0700</dateCreated>
  </head>
  <body>
    <outline text="Art &amp; Design">
      <outline text="@pascalblanche.bsky.social - Pascal blanché" type="rss" xmlUrl="https://bsky.app/profile/did:plc:bsdx37lsn3xzsryexglk6qyr/rss" htmlUrl="https://bsky.app/profile/pascalblanche.bsky.social" description="Digital Artist since 1993. &#10;Freelancer, world builder, scifi/fantasy lover.&#10;Principal Art Director @behaviour.&#10;Posting mostly about #art #scifi #fantasyart and stuff. Mostly.&#10;posters: https://www.artstation.com/pascalblanche/prints?print_type=art_poster"/>
      <outline text="House &amp; Garden" type="rss" xmlUrl="https://www.youtube.com/feeds/videos.xml?channel_id=UCBEqJ-MfSIxKM5mgwVB3ZDg" htmlUrl="https://www.youtube.com/channel/UCBEqJ-MfSIxKM5mgwVB3ZDg"/>
    </outline>
    <outline text="Bluesky">
      <outline text="@davatron5000.bsky.social - Dave Rupert" type="rss" xmlUrl="https://bsky.app/profile/did:plc:wjrpkham2fhwlxkthcch2sc2/rss" htmlUrl="https://bsky.app/profile/davatron5000.bsky.social" description="Web components at Microsoft. Co-host at ShopTalk. Previously Luro and Paravel. Blogger."/>
      <outline text="@jeffcannata.bsky.social - Jeff Cannata" type="rss" xmlUrl="https://bsky.app/profile/did:plc:wjn573ggo4uqrqn5gg7bfozk/rss" htmlUrl="https://bsky.app/profile/jeffcannata.bsky.social" description="Movies: thefilmcast.com&#10;Video Games: dlcpod.com&#10;Science: wehaveconcerns.com&#10;Books: youtube.com/cannatajeff&#10;&#10;I love loving things."/>
      <outline text="@jessicahische.bsky.social - Jessica Hische" type="rss" xmlUrl="https://bsky.app/profile/did:plc:ondoryazrrccimbu7yd46fis/rss" htmlUrl="https://bsky.app/profile/jessicahische.bsky.social" description="Lettering Artist, Professional Logo Zhuzher, &amp; NYT Best-selling Author. Co-founder of Studioworks—shaping the future of creative business!&#10;&#10;studioworks.app&#10;linktr.ee/jessicahische"/>
      <outline text="@petebuttigieg.bsky.social - Pete Buttigieg" type="rss" xmlUrl="https://bsky.app/profile/did:plc:2q2hs5o42jhbd23pp6lkiauh/rss" htmlUrl="https://bsky.app/profile/petebuttigieg.bsky.social" description="Husband, dad, veteran, writer, and proud Midwesterner. 19th US Secretary of Transportation and former Mayor of South Bend."/>
      <outline text="@willsmith.fun - Will “Looking for a job” Smith" type="rss" xmlUrl="https://bsky.app/profile/did:plc:i67fzbbid7mbk2qlxc4m3lyb/rss" htmlUrl="https://bsky.app/profile/willsmith.fun" description="(he/him) I make podcasts and help people build and launch their indie games. https://techpod.content.town&#10;&#10;I've never slapped anyone / not the actor&#10;&#10;Signal:willsmith.01"/>
    </outline>
    <outline text="Cooking">
      <outline text="Andy Cooks" type="rss" xmlUrl="https://www.youtube.com/feeds/videos.xml?channel_id=UCqNkn5PNeSqbQTAR5RP-L-Q" htmlUrl="https://www.youtube.com/channel/UCqNkn5PNeSqbQTAR5RP-L-Q"/>
      <outline text="Babish Culinary Universe" type="rss" xmlUrl="https://www.youtube.com/feeds/videos.xml?channel_id=UCJHA_jMfCvEnv-3kRjTCQXw" htmlUrl="https://www.youtube.com/channel/UCJHA_jMfCvEnv-3kRjTCQXw"/>
      <outline text="Dish Podcast" type="rss" xmlUrl="https://www.youtube.com/feeds/videos.xml?channel_id=UCPHzAcg5sT62cO5hgAeTpVg" htmlUrl="https://www.youtube.com/channel/UCPHzAcg5sT62cO5hgAeTpVg"/>
      <outline text="First We Feast" type="rss" xmlUrl="https://www.youtube.com/feeds/videos.xml?channel_id=UCPD_bxCRGpmmeQcbe2kpPaA" htmlUrl="http://www.youtube.com"/>
      <outline text="Munchies" type="rss" xmlUrl="https://www.youtube.com/feeds/videos.xml?channel_id=UCaLfMkkHhSA_LaCta0BzyhQ" htmlUrl="https://www.youtube.com/channel/UCaLfMkkHhSA_LaCta0BzyhQ"/>
      <outline text="theredbowl" type="rss" xmlUrl="https://www.youtube.com/feeds/videos.xml?channel_id=UClK1uLo96tdTNxraXavu3uw" htmlUrl="https://www.youtube.com/channel/UClK1uLo96tdTNxraXavu3uw"/>
    </outline>
    <outline text="Design &amp; Code &amp; Makin">
      <outline text="Adam Savage’s Tested" type="rss" xmlUrl="https://www.youtube.com/feeds/videos.xml?channel_id=UCiDJtJKMICpb9B1qf7qjEOA" htmlUrl="https://www.youtube.com/channel/UCiDJtJKMICpb9B1qf7qjEOA"/>
      <outline text="Ben Vallack" type="rss" xmlUrl="https://www.youtube.com/feeds/videos.xml?channel_id=UC4NNPgQ9sOkBjw6GlkgCylg" htmlUrl="https://www.youtube.com/channel/UC4NNPgQ9sOkBjw6GlkgCylg"/>
      <outline text="Raycast" type="rss" xmlUrl="https://www.youtube.com/feeds/videos.xml?channel_id=UCPvOHaaP9E6FqSqG1NMV_Hw" htmlUrl="https://www.youtube.com/channel/UCPvOHaaP9E6FqSqG1NMV_Hw"/>
      <outline text="Techdox" type="rss" xmlUrl="https://www.youtube.com/feeds/videos.xml?channel_id=UCXJ4jKAvMMg56WGhqrZHFgw" htmlUrl="https://www.youtube.com/channel/UCXJ4jKAvMMg56WGhqrZHFgw"/>
    </outline>
    <outline text="Entertainment">
      <outline text="Architectural Digest" type="rss" xmlUrl="https://www.youtube.com/feeds/videos.xml?channel_id=UC0k238zFx-Z8xFH0sxCrPJg" htmlUrl="https://www.youtube.com/channel/UC0k238zFx-Z8xFH0sxCrPJg"/>
      <outline text="Ringer Movies" type="rss" xmlUrl="https://www.youtube.com/feeds/videos.xml?channel_id=UCowq59Fx3ykFKujwDcisqPQ" htmlUrl="https://www.youtube.com/channel/UCowq59Fx3ykFKujwDcisqPQ"/>
      <outline text="Rotten Tomatoes Trailers" type="rss" xmlUrl="https://www.youtube.com/feeds/videos.xml?channel_id=UCi8e0iOVk1fEOogdfu4YgfA" htmlUrl="http://www.youtube.com"/>
      <outline text="SlashFilm" type="rss" xmlUrl="https://www.slashfilm.com/feed/" htmlUrl="https://www.slashfilm.com/" description="The latest movie and television news, reviews, film trailers, exclusive interviews, and opinions - since 2005."/>
      <outline text="The Filmcast" type="rss" xmlUrl="https://www.youtube.com/feeds/videos.xml?channel_id=UCJl5n38N5-QQjPHJ7t4uHMw" htmlUrl="https://www.youtube.com/channel/UCJl5n38N5-QQjPHJ7t4uHMw"/>
      <outline text="The Ringer-Verse" type="rss" xmlUrl="https://www.youtube.com/feeds/videos.xml?channel_id=UCD-gEqpQXkH5ICMSausJ02g" htmlUrl="https://www.youtube.com/channel/UCD-gEqpQXkH5ICMSausJ02g"/>
      <outline text="Variety" type="rss" xmlUrl="https://variety.com/feed/" htmlUrl="https://variety.com"/>
    </outline>
    <outline text="Fitness">
      <outline text="DesFit" type="rss" xmlUrl="https://www.youtube.com/feeds/videos.xml?channel_id=UCmVhS0qulkRshtLrXMeMToQ" htmlUrl="https://www.youtube.com/channel/UCmVhS0qulkRshtLrXMeMToQ"/>
    </outline>
    <outline text="Gaming">
      <outline text="Critical Role" type="rss" xmlUrl="https://www.youtube.com/feeds/videos.xml?channel_id=UCpXBGqwsBkpvcYjsJBQ7LEQ" htmlUrl="https://www.youtube.com/channel/UCpXBGqwsBkpvcYjsJBQ7LEQ"/>
      <outline text="Good Time Society" type="rss" xmlUrl="https://www.youtube.com/feeds/videos.xml?channel_id=UCBRTbbK-avyRJSSJ2GyHs_w" htmlUrl="https://www.youtube.com/channel/UCBRTbbK-avyRJSSJ2GyHs_w"/>
      <outline text="Toyhouze" type="rss" xmlUrl="https://www.youtube.com/feeds/videos.xml?channel_id=UCeSuJOU1L3Yh5DlVene_qIA" htmlUrl="https://www.youtube.com/channel/UCeSuJOU1L3Yh5DlVene_qIA"/>
      <outline text="Wayfaring Nomad" type="rss" xmlUrl="https://www.youtube.com/feeds/videos.xml?channel_id=UCAYzwzZ_7fC9md3ktfSX7cg" htmlUrl="https://www.youtube.com/channel/UCAYzwzZ_7fC9md3ktfSX7cg"/>
    </outline>
    <outline text="Linux | self-hosted">
      <outline text="Akamai Developer" type="rss" xmlUrl="https://www.youtube.com/feeds/videos.xml?channel_id=UCf8uu3IE42b6hRUusufEH8g" htmlUrl="https://www.youtube.com/channel/UCf8uu3IE42b6hRUusufEH8g"/>
      <outline text="Christian Lempa" type="rss" xmlUrl="https://www.youtube.com/feeds/videos.xml?channel_id=UCZNhwA1B5YqiY1nLzmM0ZRg" htmlUrl="https://www.youtube.com/channel/UCZNhwA1B5YqiY1nLzmM0ZRg"/>
      <outline text="Chris Titus Tech" type="rss" xmlUrl="https://www.youtube.com/feeds/videos.xml?channel_id=UCg6gPGh8HU2U01vaFCAsvmQ" htmlUrl="https://www.youtube.com/channel/UCg6gPGh8HU2U01vaFCAsvmQ"/>
      <outline text="Learn Linux TV" type="rss" xmlUrl="https://www.youtube.com/feeds/videos.xml?channel_id=UCxQKHvKbmSzGMvUrVtJYnUA" htmlUrl="https://www.youtube.com/channel/UCxQKHvKbmSzGMvUrVtJYnUA"/>
      <outline text="Techdox" type="rss" xmlUrl="https://techdox.nz/rss/" htmlUrl="https://techdox.nz/" description="Discover Techdox: Your Fun and Informative Source for IT Goodness"/>
      <outline text="TechHut" type="rss" xmlUrl="https://www.youtube.com/feeds/videos.xml?channel_id=UCjSEJkpGbcZhvo0lr-44X_w" htmlUrl="https://www.youtube.com/channel/UCjSEJkpGbcZhvo0lr-44X_w"/>
      <outline text="Techno Tim" type="rss" xmlUrl="https://technotim.live/feed.xml" htmlUrl="https://technotim.live/" description="Techno Tim Home - Documentation and More"/>
      <outline text="typecraft" type="rss" xmlUrl="https://www.youtube.com/feeds/videos.xml?channel_id=UCo71RUe6DX4w-Vd47rFLXPg" htmlUrl="https://www.youtube.com/channel/UCo71RUe6DX4w-Vd47rFLXPg"/>
    </outline>
    <outline text="Music">
      <outline text="Amoeba" type="rss" xmlUrl="https://www.youtube.com/feeds/videos.xml?channel_id=UC9DkCKm4_VDztRRyge4mCJQ" htmlUrl="http://www.youtube.com"/>
      <outline text="Blogothèque" type="rss" xmlUrl="https://www.youtube.com/feeds/videos.xml?channel_id=UCFAKGci5lneha2x4XMbzYrQ" htmlUrl="https://www.youtube.com/channel/UCFAKGci5lneha2x4XMbzYrQ"/>
      <outline text="KCRW" type="rss" xmlUrl="https://www.youtube.com/feeds/videos.xml?channel_id=UC54U5gpKkaa_BpXRVNip2Dw" htmlUrl="https://www.youtube.com/channel/UC54U5gpKkaa_BpXRVNip2Dw"/>
      <outline text="KEXP" type="rss" xmlUrl="https://www.youtube.com/feeds/videos.xml?channel_id=UC3I2GFN_F8WudD_2jUZbojA" htmlUrl="https://www.youtube.com/channel/UC3I2GFN_F8WudD_2jUZbojA"/>
      <outline text="NPR Music" type="rss" xmlUrl="https://www.youtube.com/feeds/videos.xml?channel_id=UC4eYXhJI4-7wSWc8UNRwD4A" htmlUrl="https://www.youtube.com/channel/UC4eYXhJI4-7wSWc8UNRwD4A"/>
      <outline text="Rick Beato" type="rss" xmlUrl="https://www.youtube.com/feeds/videos.xml?channel_id=UCJquYOG5EL82sKTfH9aMA9Q" htmlUrl="https://www.youtube.com/channel/UCJquYOG5EL82sKTfH9aMA9Q"/>
      <outline text="Stereogum" type="rss" xmlUrl="https://www.stereogum.com/feed/" htmlUrl="https://www.stereogum.com/" description="The world's best music blog."/>
    </outline>
    <outline text="News">
      <outline text="California" type="rss" xmlUrl="https://www.latimes.com/california.rss" htmlUrl="https://www.latimes.com/california" description="California"/>
      <outline text="NYT &gt; Top Stories" type="rss" xmlUrl="https://rss.nytimes.com/services/xml/rss/nyt/HomePage.xml" htmlUrl="https://www.nytimes.com"/>
      <outline text="Vox -  All" type="rss" xmlUrl="https://www.vox.com/rss/index.xml" htmlUrl="https://www.vox.com/"/>
    </outline>
    <outline text="Photography">
      <outline text="Bruce Williams Photography" type="rss" xmlUrl="https://www.youtube.com/feeds/videos.xml?channel_id=UCkqe4BYsllmcxo2dsF-rFQw" htmlUrl="https://www.youtube.com/channel/UCkqe4BYsllmcxo2dsF-rFQw"/>
      <outline text="Paulie B" type="rss" xmlUrl="https://www.youtube.com/feeds/videos.xml?channel_id=UCAS6u29fObpCHYgHQCGaSUQ" htmlUrl="https://www.youtube.com/channel/UCAS6u29fObpCHYgHQCGaSUQ"/>
    </outline>
    <outline text="Reading">
      <outline text="@mikemignola.bsky.social - Mike Mignola" type="rss" xmlUrl="https://bsky.app/profile/did:plc:k2iz7zou5rgrwjhz4buaiux7/rss" htmlUrl="https://bsky.app/profile/mikemignola.bsky.social" description="Artist-Writer-Creator of the Hellboy Universe or Mignolaverse etc..."/>
    </outline>
    <outline text="Talk Shows">
      <outline text="Jimmy Kimmel Live" type="rss" xmlUrl="https://www.youtube.com/feeds/videos.xml?channel_id=UCa6vGFO9ty8v5KZJXQxdhaw" htmlUrl="https://www.youtube.com/channel/UCa6vGFO9ty8v5KZJXQxdhaw"/>
      <outline text="Late Night with Seth Meyers" type="rss" xmlUrl="https://www.youtube.com/feeds/videos.xml?channel_id=UCVTyTA7-g9nopHeHbeuvpRA" htmlUrl="https://www.youtube.com/channel/UCVTyTA7-g9nopHeHbeuvpRA"/>
      <outline text="Saturday Night Live" type="rss" xmlUrl="https://www.youtube.com/feeds/videos.xml?channel_id=UCqFzWxSCi39LnW1JKFR3efg" htmlUrl="https://www.youtube.com/channel/UCqFzWxSCi39LnW1JKFR3efg"/>
      <outline text="The Daily Show" type="rss" xmlUrl="https://www.youtube.com/feeds/videos.xml?channel_id=UCwWhs_6x42TyRM4Wstoq8HA" htmlUrl="https://www.youtube.com/channel/UCwWhs_6x42TyRM4Wstoq8HA"/>
      <outline text="The Late Show with Stephen Colbert" type="rss" xmlUrl="https://www.youtube.com/feeds/videos.xml?channel_id=UCMtFAi84ehTSYSE9XoHefig" htmlUrl="https://www.youtube.com/channel/UCMtFAi84ehTSYSE9XoHefig"/>
    </outline>
    <outline text="Tech">
      <outline text="404 Media" type="rss" xmlUrl="https://www.404media.co/rss/" htmlUrl="https://www.404media.co/" description="404 Media is a new independent media company founded by technology journalists Jason Koebler, Emanuel Maiberg, Samantha Cole, and Joseph Cox."/>
      <outline text="A2 Hosting" type="rss" xmlUrl="https://www.youtube.com/feeds/videos.xml?channel_id=UCqaJJRckKX5RBBTpPLyQzBw" htmlUrl="https://www.youtube.com/channel/UCqaJJRckKX5RBBTpPLyQzBw"/>
      <outline text="Aftermath" type="rss" xmlUrl="https://aftermath.site/feed" htmlUrl="https://aftermath.site/" description="A website about video games, internet culture &amp; more"/>
      <outline text="Ars Technica - All content" type="rss" xmlUrl="http://feeds.arstechnica.com/arstechnica/index/" htmlUrl="https://arstechnica.com" description="All Ars Technica stories"/>
      <outline text="BigBearTechWorld" type="rss" xmlUrl="https://www.youtube.com/feeds/videos.xml?channel_id=UC0QpIoEkZpl68w5WPFglaOg" htmlUrl="https://www.youtube.com/channel/UC0QpIoEkZpl68w5WPFglaOg"/>
      <outline text="Daring Fireball" type="rss" xmlUrl="https://daringfireball.net/feeds/main" htmlUrl="https://daringfireball.net/" description="By John Gruber"/>
      <outline text="Diggnation" type="rss" xmlUrl="https://www.youtube.com/feeds/videos.xml?channel_id=UC24RSoLcjiNZbQcT54j5l7Q" htmlUrl="https://www.youtube.com/channel/UC24RSoLcjiNZbQcT54j5l7Q"/>
      <outline text="Engadget is a web magazine with obsessive daily coverage of everything new in gadgets and consumer electronics" type="rss" xmlUrl="https://www.engadget.com/rss.xml" htmlUrl="https://www.engadget.com/" description="Engadget is a web magazine with obsessive daily coverage of everything new in gadgets and consumer electronics"/>
      <outline text="Gizmodo" type="rss" xmlUrl="https://gizmodo.com/feed" htmlUrl="https://gizmodo.com" description="The Future Is Here"/>
      <outline text="Kevin Rose" type="rss" xmlUrl="https://www.youtube.com/feeds/videos.xml?channel_id=UCSYG0DaTjEpo9LlE-f_1L1g" htmlUrl="https://www.youtube.com/channel/UCSYG0DaTjEpo9LlE-f_1L1g"/>
      <outline text="Lifehacker" type="rss" xmlUrl="https://lifehacker.com/feed/rss" htmlUrl="https://lifehacker.com/feed/rss" description="Do everything better."/>
      <outline text="Linus Tech Tips" type="rss" xmlUrl="https://www.youtube.com/feeds/videos.xml?channel_id=UCXuqSBlHAE6Xw-yeJA0Tunw" htmlUrl="https://www.youtube.com/channel/UCXuqSBlHAE6Xw-yeJA0Tunw"/>
      <outline text="PCWorld" type="rss" xmlUrl="https://www.youtube.com/feeds/videos.xml?channel_id=UCDC1Pas1aocEA5HBl7jp0ew" htmlUrl="https://www.youtube.com/channel/UCDC1Pas1aocEA5HBl7jp0ew"/>
      <outline text="Polygon -  All" type="rss" xmlUrl="https://www.polygon.com/rss/index.xml" htmlUrl="https://www.polygon.com/" description="Your source for the latest in video games, sci-fi, fantasy, tabletop games, anime, horror, books, and comics."/>
      <outline text="ShortCircuit" type="rss" xmlUrl="https://www.youtube.com/feeds/videos.xml?channel_id=UCdBK94H6oZT2Q7l0-b0xmMg" htmlUrl="https://www.youtube.com/channel/UCdBK94H6oZT2Q7l0-b0xmMg"/>
      <outline text="Slashdot" type="rss" xmlUrl="http://rss.slashdot.org/Slashdot/slashdotMain" htmlUrl="https://slashdot.org/" description="News for nerds, stuff that matters"/>
      <outline text="TechCrunch" type="rss" xmlUrl="https://techcrunch.com/feed/" htmlUrl="https://techcrunch.com/" description="Startup and Technology News"/>
      <outline text="The Verge -  All Posts" type="rss" xmlUrl="https://www.theverge.com/rss/index.xml" htmlUrl="https://www.theverge.com/" description="The Verge is about technology and how it makes us feel. Founded in 2011, we offer our audience everything from breaking news to reviews to award-winning features and investigations, on our site, in video, and in podcasts."/>
    </outline>
    <outline text="Travel">
      <outline text="Breaking Waves" type="rss" xmlUrl="https://www.youtube.com/feeds/videos.xml?channel_id=UC0kKsAxDAM7erWSNUYDBw3Q" htmlUrl="https://www.youtube.com/channel/UC0kKsAxDAM7erWSNUYDBw3Q"/>
      <outline text="Davidignaz" type="rss" xmlUrl="https://www.youtube.com/feeds/videos.xml?channel_id=UCrlpoCey7fE6HKyOv59jTKA" htmlUrl="https://www.youtube.com/channel/UCrlpoCey7fE6HKyOv59jTKA"/>
      <outline text="Kara and Nate" type="rss" xmlUrl="https://www.youtube.com/feeds/videos.xml?channel_id=UC4ijq8Cg-8zQKx8OH12dUSw" htmlUrl="https://www.youtube.com/channel/UC4ijq8Cg-8zQKx8OH12dUSw"/>
      <outline text="Michael Motamedi" type="rss" xmlUrl="https://www.youtube.com/feeds/videos.xml?channel_id=UCFzgLBfVTcn6xbWRO4ib5lw" htmlUrl="https://www.youtube.com/channel/UCFzgLBfVTcn6xbWRO4ib5lw"/>
      <outline text="Rick Steves' Europe" type="rss" xmlUrl="https://www.youtube.com/feeds/videos.xml?channel_id=UCchgIh8Tc4sTmBfnMQ5pDdg" htmlUrl="https://www.youtube.com/channel/UCchgIh8Tc4sTmBfnMQ5pDdg"/>
      <outline text="Sailing Doodles" type="rss" xmlUrl="https://www.youtube.com/feeds/videos.xml?channel_id=UCkDwexrF43p_1QurfKFBCBA" htmlUrl="https://www.youtube.com/channel/UCkDwexrF43p_1QurfKFBCBA"/>
      <outline text="Sailing La Vagabonde" type="rss" xmlUrl="https://www.youtube.com/feeds/videos.xml?channel_id=UCZdQjaSoLjIzFnWsDQOv4ww" htmlUrl="https://www.youtube.com/channel/UCZdQjaSoLjIzFnWsDQOv4ww"/>
    </outline>
  </body>
</opml>
