{
    "id": "user/jtcarrasco/state/org.freshrss/starred",
    "title": "List of favourite articles",
    "author": "jtcarrasco",
    "items": [
{
    "id": "tag:google.com,2005:reader/item/000633d7233615a0",
    "crawlTimeMsec": "1745848961996",
    "timestampUsec": "1745848961996192",
    "published": 1745848856,
    "title": "15 Hidden Changes with Patch 8 in Baldur's Gate 3",
    "canonical": [
        {
            "href": "https://www.youtube.com/watch?v=duGUVVwMvb0"
        }
    ],
    "alternate": [
        {
            "href": "https://www.youtube.com/watch?v=duGUVVwMvb0",
            "type": "text/html"
        }
    ],
    "categories": [
        "user/-/state/com.google/reading-list",
        "user/-/state/com.google/read",
        "user/-/state/com.google/starred"
    ],
    "origin": {
        "streamId": "feed/101",
        "htmlUrl": "https://www.youtube.com/channel/UCeSuJOU1L3Yh5DlVene_qIA",
        "title": "Toyhouze",
        "feedUrl": "https://www.youtube.com/feeds/videos.xml?channel_id=UCeSuJOU1L3Yh5DlVene_qIA"
    },
    "content": {
        "content": ""
    },
    "guid": "yt:video:duGUVVwMvb0",
    "enclosure": [
        {
            "href": "https://www.youtube.com/v/duGUVVwMvb0?version=3",
            "type": "application/x-shockwave-flash"
        }
    ],
    "author": "Toyhouze"
}
]}
